<XML-FSCM-INVOICE-2003A>
  <INTERCHANGE>
    <IC-SENDER>
      <Pid>41010000001234567</Pid>
    </IC-SENDER>
    <IC-RECEIVER>
      <Pid>41301000000012497</Pid>
    </IC-RECEIVER>
    <IR-Ref />
  </INTERCHANGE>
  <INVOICE>
    <HEADER>
      <FUNCTION-FLAGS>
        <Confirmation-Flag />
        <Canellation-Flag />
      </FUNCTION-FLAGS>
      <MESSAGE-REFERENCE>
        <REFERENCE-DATE>
          <Reference-No>1624979678.314742</Reference-No>
          <Date>21.03.2021</Date>
        </REFERENCE-DATE>
      </MESSAGE-REFERENCE>
      <PRINT-DATE>
        <Date>21.03.2021</Date>
      </PRINT-DATE>
      <REFERENCE>
        <INVOICE-REFERENCE>
          <REFERENCE-DATE>
            <Reference-No>21003</Reference-No>
            <Date>21.03.2021</Date>
          </REFERENCE-DATE>
        </INVOICE-REFERENCE>
        <ORDER>
          <REFERENCE-DATE>
            <Reference-No>A003</Reference-No>
            <Date>21.03.2021</Date>
          </REFERENCE-DATE>
        </ORDER>
        <REMINDER Which="MAH">
          <REFERENCE-DATE>
            <Reference-No></Reference-No>
            <Date></Date>
          </REFERENCE-DATE>
        </REMINDER>
        <OTHER-REFERENCE Type="ADE">
          <REFERENCE-DATE>
            <Reference-No>12345678</Reference-No>
            <Date>21.03.2021</Date>
          </REFERENCE-DATE>
        </OTHER-REFERENCE>
      </REFERENCE>
      <BILLER>
        <Tax-No>CHE-111.222.333 MWST</Tax-No>
        <Doc-Reference Type="ESR-ALT "></Doc-Reference>
        <PARTY-ID>
          <Pid>41010000001234567</Pid>
        </PARTY-ID>
        <NAME-ADDRESS Format="COM">
          <NAME>
            <Line-35>Yanick Adler</Line-35>
            <Line-35>Bahnhofstrasse 1</Line-35>
            <Line-35>8000 Zuerich</Line-35>
            <Line-35></Line-35>
            <Line-35></Line-35>
          </NAME>
          <STREET>
            <Line-35></Line-35>
            <Line-35></Line-35>
            <Line-35></Line-35>
          </STREET>
          <City></City>
          <State></State>
          <Zip></Zip>
          <Country></Country>
        </NAME-ADDRESS>
        <BANK-INFO>
          <Acct-No></Acct-No>
          <Acct-Name></Acct-Name>
          <BankId Type="BCNr-nat" Country="CH">001996</BankId>
        </BANK-INFO>
      </BILLER>
      <PAYER>
        <PARTY-ID>
          <Pid>41301000000012497</Pid>
        </PARTY-ID>
        <NAME-ADDRESS Format="COM">
          <NAME>
            <Line-35>Autoleasing AG</Line-35>
            <Line-35>Gewerbestrasse 100</Line-35>
            <Line-35>5000 Aarau</Line-35>
            <Line-35></Line-35>
            <Line-35></Line-35>
          </NAME>
          <STREET>
            <Line-35></Line-35>
            <Line-35></Line-35>
            <Line-35></Line-35>
          </STREET>
          <City></City>
          <State></State>
          <Zip></Zip>
          <Country></Country>
        </NAME-ADDRESS>
      </PAYER>
    </HEADER>
    <LINE-ITEM />
    <SUMMARY>
      <INVOICE-AMOUNT>
        <Amount>0001350000</Amount>
      </INVOICE-AMOUNT>
      <VAT-AMOUNT>
        <Amount></Amount>
      </VAT-AMOUNT>
      <DEPOSIT-AMOUNT>
        <Amount></Amount>
          <REFERENCE-DATE>
            <Reference-No></Reference-No>
            <Date></Date>
          </REFERENCE-DATE>
      </DEPOSIT-AMOUNT>
      <EXTENDED-AMOUNT Type="79">
        <Amount></Amount>
      </EXTENDED-AMOUNT>
      <TAX>
        <TAX-BASIS>
          <Amount></Amount>
        </TAX-BASIS>
        <Rate Categorie="S">0</Rate>
        <Amount></Amount>
      </TAX>
      <PAYMENT-TERMS>
        <BASIC Payment-Type="ESR" Terms-Type="1">
          <TERMS>
            <Payment-Period Type="M" On-Or-After="1" Reference-Day="31">20.04.2021</Payment-Period>
            <Date>21.03.2021</Date>
          </TERMS>
        </BASIC>
        <DISCOUNT Terms-Type="22">
          <Discount-Percentage>0.0</Discount-Percentage>
          <TERMS>
            <Payment-Period Type="M" On-Or-After="1" Reference-Day="31"></Payment-Period>
            <Date></Date>
          </TERMS>
          <Back-Pack-Container Encode="Base64"> </Back-Pack-Container>
        </DISCOUNT>
      </PAYMENT-TERMS>
    </SUMMARY>
  </INVOICE>
</XML-FSCM-INVOICE-2003A>